{
    "model_name": "mobilenetv3_large",
    "best_epoch": 16,
    "best_val_f1": 0.8489477373210542,
    "accuracy": 0.8555900621118012,
    "macro_precision": 0.8663258454717985,
    "macro_recall": 0.8555900621118013,
    "macro_f1": 0.8489477373210542,
    "weighted_precision": 0.8663258454717984,
    "weighted_recall": 0.8555900621118012,
    "weighted_f1": 0.8489477373210541,
    "model_size_mb": 16.269577980041504,
    "dropout": 0.4,
    "label_smoothing": 0.1,
    "fine_tune_lr": 3e-05,
    "classification_report": {
        "HATCHBACK": {
            "precision": 0.7078651685393258,
            "recall": 0.782608695652174,
            "f1-score": 0.7433628318584071,
            "support": 161.0
        },
        "MICRO": {
            "precision": 0.9877300613496932,
            "recall": 1.0,
            "f1-score": 0.9938271604938271,
            "support": 161.0
        },
        "OPEN_WHEEL": {
            "precision": 1.0,
            "recall": 1.0,
            "f1-score": 1.0,
            "support": 161.0
        },
        "PICK_UP": {
            "precision": 0.7948717948717948,
            "recall": 0.9627329192546584,
            "f1-score": 0.8707865168539326,
            "support": 161.0
        },
        "SEDAN": {
            "precision": 0.8924731182795699,
            "recall": 0.515527950310559,
            "f1-score": 0.6535433070866141,
            "support": 161.0
        },
        "STATION_WAGON": {
            "precision": 0.7222222222222222,
            "recall": 0.968944099378882,
            "f1-score": 0.8275862068965517,
            "support": 161.0
        },
        "SUV": {
            "precision": 0.8559322033898306,
            "recall": 0.6273291925465838,
            "f1-score": 0.7240143369175627,
            "support": 161.0
        },
        "VAN": {
            "precision": 0.9695121951219512,
            "recall": 0.9875776397515528,
            "f1-score": 0.9784615384615385,
            "support": 161.0
        },
        "accuracy": 0.8555900621118012,
        "macro avg": {
            "precision": 0.8663258454717985,
            "recall": 0.8555900621118013,
            "f1-score": 0.8489477373210542,
            "support": 1288.0
        },
        "weighted avg": {
            "precision": 0.8663258454717984,
            "recall": 0.8555900621118012,
            "f1-score": 0.8489477373210541,
            "support": 1288.0
        }
    }
}